datetime,content,quote
01/05/2024 19:03,"Congrats to the Swift Student Challenge winners and the 50 brand new Distinguished Winners! From helping with speech accessibility to an all-in-one assistant for elderly people, these app projects show how young people are putting their mark on the world.",0
06/05/2024 19:10,The work of a great teacher lasts a lifetime. Thank you to educators everywhere for your dedication and generosity.,0
07/05/2024 14:30,Take note! I’m so excited for you to join us for today's #AppleEvent at 7am PT. Tune in here:,0
07/05/2024 16:17,"Meet the new iPad Pro: the thinnest product we’ve ever created, the most advanced display we’ve ever produced, with the incredible power of the M4 chip. Just imagine all the things it’ll be used to create.",0
12/05/2024 16:00,"Wishing all the incredible mothers at Apple and around the world a happy Mother’s Day! We are all better off because of your love, guidance, and compassion. 💐",0
16/05/2024 19:39,"For nearly 40 years, Apple has worked to make technology more accessible to everyone. We’re thrilled to announce powerful new features that provide users with even more ways to communicate, control their devices, and enjoy the music they love. #GAAD",0
22/05/2024 15:39,An incredible story and an important advocate. Thank you for sharing your journey so that others may benefit.,1
27/05/2024 15:48,"We owe an enormous debt of gratitude to all those who made the ultimate sacrifice on behalf of our nation. On this Memorial Day, let us remember their heroism and the cause for which they fell.",0
31/05/2024 17:27,"An honor to welcome Blair Casey and Phil Green of TeamGleason to Apple Park. Thank you for your collaboration over the years, your tireless advocacy, and your commitment to supporting the ALS community through accessible technology. #ALSAwarenessMonth",0
10/06/2024 14:30,Can’t wait for you to join us at #WWDC24 this morning!,0
10/06/2024 20:37,"It’s personal, powerful, and private—and it’s integrated into the apps you rely on every day.

Introducing Apple Intelligence—our next chapter in AI.",0
13/06/2024 19:52,Thank you to all of the developers from around the world who joined us in person and virtually for an incredible #WWDC24! Can’t wait to see what amazing apps you create.,0
16/06/2024 16:17,Wishing a happy Father’s Day to dads everywhere!,0
19/06/2024 15:00,"On this Juneteenth, let’s reaffirm our commitment to fairness and equity.",0
28/06/2024 18:42,"We’re thrilled to see our customers in mainland China, Hong Kong, Japan, and Singapore experience Apple Vision Pro for the first time! Pre-orders start today in Australia, Canada, France, Germany, & the UK. We can’t wait for customers there to see the magic of spatial computing.",0
02/07/2024 20:58,Congratulations! We can’t wait to see what you create.,1
04/07/2024 15:00,Happy Fourth of July! 🇺🇸,0